itemno,postinggroup,description,description1,description2,description3,description4
0020-00Z,fgseedki,14univps saladlover's,14univps,saladlover's,,
0021-00Z,fgseedki,14p herblover'sseedkit,14p,herblover'sseedkit,,
100235-0000,raw,flatplantspacer,flatplantspacer,,,
100824-0000,raw,supergrownutrients3oz,supergrownutrients3oz,,,
100828-0000,accessory,aerovoirstand,aerovoirstand,,,
1100-00B,fggardens,7aerator100610 blk,7aerator100610,blk,,
200302-0000,seedpod,seedp 7p celosia,seedp,7p,celosia,
200450-0000,seedpod,seedp tomato,seedp,tomato,,
203100-0000,seedpod,seedp holybasil,seedp,holybasil,,
203102-0000,seedpod,seedp basil genov,seedp,basil,genov,
203104-0000,seedpod,seedp basil,seedp,basil,,
203105-0000,seedpod,seedp basil,seedp,basil,,
203106-0000,seedpod,seedp basil,seedp,basil,,
203107-0000,seedpod,seedp basil,seedp,basil,,
203109-0000,seedpod,seedp basil,seedp,basil,,
203110-0000,seedpod,seedp catnip,seedp,catnip,,
203114-0000,seedpod,seedp shungiku,seedp,shungiku,,
203126-0000,seedpod,seedp chivesm,seedp,chivesm,,
203128-0000,seedpod,seedp tarront,seedp,tarront,,
203131-0000,seedpod,seedp cilantrom,seedp,cilantrom,,
203139-0000,seedpod,seedp dillt,seedp,dillt,,
203150-0000,seedpod,seedp tomato,seedp,tomato,,
203151-0000,seedpod,seedp tomatoredh,seedp,tomatoredh,,
203160-0000,seedpod,seedp chilipepper,seedp,chilipepper,,
203161-0000,seedpod,seedp pepper bell,seedp,pepper,bell,
203162-0000,seedpod,seedp pepper,seedp,pepper,,
203163-0000,seedpod,seedp pepper,seedp,pepper,,
203172-0000,seedpod,seedp parsley,seedp,parsley,,
203173-0000,seedpod,seedp parsley,seedp,parsley,,
203176-0000,seedpod,seedp marjorams,seedp,marjorams,,
203181-0000,seedpod,seedp mint,seedp,mint,,
203182-0000,seedpod,seedp mint lemon,seedp,mint,lemon,
203186-0000,seedpod,seedp tomato,seedp,tomato,,
203204-0000,seedpod,seedp oreganos,seedp,oreganos,,
203211-0000,seedpod,seedp sem,seedp,sem,,
203212-0000,seedpod,seedp vinca,seedp,vinca,,
203219-0000,seedpod,seedp phlox,seedp,phlox,,
203220-0000,seedpod,seedp saladgreens,seedp,saladgreens,,
203221-0000,seedpod,seedp minipetunia,seedp,minipetunia,,
203223-0000,seedpod,seedp romaine,seedp,romaine,,
203231-0000,seedpod,seedp lavenders,seedp,lavenders,,
203233-0000,seedpod,seedp gazania,seedp,gazania,,
203243-0000,seedpod,seedp zinnia,seedp,zinnia,,
203251-0000,seedpod,seedp lemonbalm,seedp,lemonbalm,,
203252-0000,seedpod,seedp thaibasil,seedp,thaibasil,,
203262-0000,seedpod,seedp stock,seedp,stock,,
203264-0000,seedpod,seedp kale,seedp,kale,,
203270-0000,seedpod,seedp viola,seedp,viola,,
203271-0000,seedpod,seedp ghostpepper,seedp,ghostpepper,,
203272-0000,seedpod,seedp anaheimpepper,seedp,anaheimpepper,,
203273-0000,seedpod,seedp poblanopepper,seedp,poblanopepper,,
203274-0000,seedpod,seedp cayennepepper,seedp,cayennepepper,,
203281-0000,seedpod,seedp thymes,seedp,thymes,,
203282-0000,seedpod,seedp babygreens,seedp,babygreens,,
203283-0000,seedpod,seedp arugula,seedp,arugula,,
203285-0000,seedpod,seedp tatsoi,seedp,tatsoi,,
203287-0000,seedpod,seedp mtard,seedp,mtard,,
203288-0000,seedpod,seedp cress,seedp,cress,,
203290-0000,seedpod,seedp blackseededsimpson,seedp,blackseededsimpson,,
203292-0000,seedpod,seedp rouged'hiver,seedp,rouged'hiver,,
203294-0000,seedpod,seedp marvelof4seasons,seedp,marvelof4seasons,,
203319-0000,seedpod,seedp cascpetunia,seedp,cascpetunia,,
203326-0000,seedpod,seedp minicherrytomato,seedp,minicherrytomato,,
203329-0000,seedpod,seedp rosemary,seedp,rosemary,,
203336-0000,seedpod,seedp collardgreens,seedp,collardgreens,,
2100-00S,fggardens,7p silver no,7p,silver,no,
2101-00B,fggardens,7 blk gh,7,blk,gh,
2101-00S,fggardens,7 slv gh,7,slv,gh,
2101-00W,fggardens,7 wht gh,7,wht,gh,
2102-00B,fggardens,7 blk gh ga,7,blk,gh,ga
2102-00S,fggardens,7 slv gh ga,7,slv,gh,ga
2107-00B,fggardens,7ghcherrytomato,7ghcherrytomato,,,
2108-00B,fggardens,7 blk gh sss,7,blk,gh,sss
2601-00B,fggardens,7p black gherb,7p,black,gherb,
2701-00B,fggardens,7led blk gh,7led,blk,gh,
2703-00B,fggardens,7led bundle wmcom,7led,bundle,wmcom,
3101-00B,fggardens,3 blk gh,3,blk,gh,
3101-00W,fggardens,3 wht gh,3,wht,gh,
3111-00B,fggardens,3sl blk gh,3sl,blk,gh,
3111-00W,fggardens,3sl wht gh,3sl,wht,gh,
3203-00B,fggardens,sproutplblk bundle wmcom,sproutplblk,bundle,wmcom,
502162-0008,displays,ctc loaded ca,ctc,loaded,ca,
502537-0000,displays,macy's,macy's,,,
502538-0000,displays,bbb,bbb,,,
502539-0000,displays,kohl's,kohl's,,,
502552-0000,displays,costco,costco,,,
502555-0000,displays,macy's2019,macy's2019,,,
502556-0000,displays,kohls original2019,kohls,original2019,,
502561-0000,displays,bedhbeyond,bedhbeyond,,,
502568-0000,displays,acehardware 2019,acehardware,2019,,
502569-0000,displays,ctc12pallet,ctc12pallet,,,
502570-0000,displays,ctc14pallet,ctc14pallet,,,
506900-0000,raw,herbie activitybook pizza,herbie,activitybook,pizza,
506901-0000,raw,herbie activitybook lettuce,herbie,activitybook,lettuce,
506902-0000,raw,herbie activitybook icmint,herbie,activitybook,icmint,
506903-0000,raw,herbie activitybook snapdrg,herbie,activitybook,snapdrg,
603567-0000,displays,harvestelite bbb2015,harvestelite,bbb2015,,
603568-0000,displays,harvestplgrey bbb,harvestplgrey,bbb,,
605006-0000,displays,3slwalmartdsplyprod,3slwalmartdsplyprod,,,
6101-00B,fggardens,6 blk gh,6,blk,gh,
6103-00B,fggardens,6 bundle wmcom,6,bundle,wmcom,
684AA,raw,plant livestraerry,plant,livestraerry,,
7101-00B,fggardens,extra blk gh,extra,blk,gh,
7201-00B,fggardens,extraled blk gh,extraled,blk,gh,
800150-0208,fgseedki,7p ctomkit herb,7p,ctomkit,herb,
800151-0208,fgseedki,7p ctomkit veg,7p,ctomkit,veg,
800152-0208,fgseedki,7p ctomkit salad,7p,ctomkit,salad,
800153-0208,fgseedki,7p ctomkit flower,7p,ctomkit,flower,
800154-0208,fgseedki,3p ctomkit herb,3p,ctomkit,herb,
800155-0208,fgseedki,3p ctomkit veggie,3p,ctomkit,veggie,
800156-0208,fgseedki,3p ctomkitsalad,3p,ctomkitsalad,,
800157-0208,fgseedki,3p ctomkitflower,3p,ctomkitflower,,
800237-0208,fgseedki,7p autumncolors,7p,autumncolors,,
800238-0208,fgseedki,7p loveblooms,7p,loveblooms,,
800260-0208,fgseedki,7pmegacherrytomato,7pmegacherrytomato,,,
800285-0100,accessory,seedstartingsystem bounty2019models,seedstartingsystem,bounty2019models,,
800291-0208,accessory,seedstartingsys uni,seedstartingsys,uni,,
800292-0100,accessory,seedstartingsystemsprout,seedstartingsystemsprout,,,
800292-0101,accessory,seedstartingsystemsprout,seedstartingsystemsprout,,,
800292-0208,accessory,seedstartingsystemsprout,seedstartingsystemsprout,,,
800293-0100,accessory,seedstartingsystemharvest,seedstartingsystemharvest,,,
800293-0101,accessory,seedstartingsystemharvst,seedstartingsystemharvst,,,
800293-0105,accessory,seedstartingsystemharvstfr,seedstartingsystemharvstfr,,,
800293-0208,accessory,seedstartingsystem harvest,seedstartingsystem,harvest,,
800294-0100,accessory,seedstartingsystem 7,seedstartingsystem,7,,
800295-0100,accessory,seedstartingsystem exbtyul,seedstartingsystem,exbtyul,,
800295-0101,accessory,seedstartingsystembounty,seedstartingsystembounty,,,
800295-0208,accessory,seedstartingsystem exbtyul,seedstartingsystem,exbtyul,,
800296-0100,accessory,seedstartingsystem farm,seedstartingsystem,farm,,
800297-0200,accessory,seedstartingsystem hrvt2018,seedstartingsystem,hrvt2018,,
800297-0208,accessory,seedstartingsystem hrvst2018 ca,seedstartingsystem,hrvst2018,ca,
800298-0200,accessory,seedstartingsystem hrvtslim,seedstartingsystem,hrvtslim,,
800299-0200,accessory,seedstartingsystem hrvt360,seedstartingsystem,hrvt360,,
800334-0208,fgseedki,3p cascadingpetunia,3p,cascadingpetunia,,
800334-2208,fgseedki,2x3p cascadingpetunia,2x3p,cascadingpetunia,,
800351-0208,seedkits,3p minijalapeno,3p,minijalapeno,,
800357-0201,fgseedki,3p growanything,3p,growanything,,
800357-0205,fgseedki,3p growanything,3p,growanything,,
800357-0208,fgseedki,3p growanything,3p,growanything,,
800357-2208,fgseedki,3p growanythingx2,3p,growanythingx2,,
800400-0201,fgseedki,3p pestobasil,3p,pestobasil,,
800400-0205,fgseedki,3p pestobasil,3p,pestobasil,,
800400-0208,fgseedki,3p pestobasil,3p,pestobasil,,
800400-2208,fgseedki,2x 3p pestobasil,2x,3p,pestobasil,
800401-0201,fgseedki,3p gourmetherb,3p,gourmetherb,,
800401-0205,fgseedki,3p gourmetherb,3p,gourmetherb,,
800401-0208,fgseedki,3p gourmetherb,3p,gourmetherb,,
800401-2208,fgseedki,2x3p gourmetherb,2x3p,gourmetherb,,
800404-0208,fgseedki,3p loveblooms,3p,loveblooms,,
800409-0208,fgseedki,3p saladgreensmix,3p,saladgreensmix,,
800411-0208,fgseedki,3p mightyminicherrytomato,3p,mightyminicherrytomato,,
800411-2208,fgseedki,2x3p mightyminicherrytom,2x3p,mightyminicherrytom,,
800413-0208,fgseedki,3p lavenderkit,3p,lavenderkit,,
800413-2208,fgseedki,3p lavenderkit 2pk,3p,lavenderkit,2pk,
800414-0201,fgseedki,3p heirloomsaladgreens,3p,heirloomsaladgreens,,
800414-0205,fgseedki,3p heirloomsaladgreens,3p,heirloomsaladgreens,,
800414-0208,fgseedki,3p heirloomsaladgreens,3p,heirloomsaladgreens,,
800414-2208,fgseedki,2x3p heirloomsaladgrns,2x3p,heirloomsaladgrns,,
800417-0208,fgseedki,3p pizzaherbs,3p,pizzaherbs,,
800417-2208,fgseedki,2x 3p pizzaherbs,2x,3p,pizzaherbs,
800418-0208,fgseedki,3p polkadotmix,3p,polkadotmix,,
800419-0208,fgseedki,3p kalemix,3p,kalemix,,
800419-2208,fgseedki,2x 3p kalemix,2x,3p,kalemix,
800421-0208,fgseedki,3p springflowers,3p,springflowers,,
800421-2208,fgseedki,3p springflowers_2pk,3p,springflowers_2pk,,
800422-0208,fgseedki,3p phloxinabox,3p,phloxinabox,,
800422-2208,fgseedki,3p phloxinabox_2pk,3p,phloxinabox_2pk,,
800423-0208,fgseedki,3pviolayellowredwing,3pviolayellowredwing,,,
800423-2208,fgseedki,3pvibrantviolas_2pk,3pvibrantviolas_2pk,,,
800424-0208,fgseedki,3pzinniamix,3pzinniamix,,,
800425-0208,fgseedki,3p beetgreens,3p,beetgreens,,
800425-2208,fgseedki,3p beetgreens_2pk,3p,beetgreens_2pk,,
800426-0208,fgseedki,3p rosemary,3p,rosemary,,
800426-2208,fgseedki,3p rosemary_2pk,3p,rosemary_2pk,,
800427-0208,fgseedki,3p smoothiegreens,3p,smoothiegreens,,
800427-2208,fgseedki,3p smoothiegrns_2pk,3p,smoothiegrns_2pk,,
800430-0208,fgseedki,3p freshtea,3p,freshtea,,
800430-2208,fgseedki,3p freshtea 2pk,3p,freshtea,2pk,
800431-0208,fgseedki,3p bokchoi,3p,bokchoi,,
800432-0208,fgseedki,3p swisschard,3p,swisschard,,
800437-0208,seedkits,3p southerngreens,3p,southerngreens,,
800500-0208,fgseedki,7p gourmetherb,7p,gourmetherb,,
800501-0208,fgseedki,7p cherrytomato,7p,cherrytomato,,
800502-0208,fgseedki,7p saladgreensmix,7p,saladgreensmix,,
800507-0208,fgseedki,7p tcanitalianherb,7p,tcanitalianherb,,
800512-0208,fgseedki,uni catnip,uni,catnip,,
800515-0208,fgseedki,7p cole,7p,cole,,
800516-0208,fgseedki,7p goldentomato,7p,goldentomato,,
800518-0208,fgseedki,7p phloxinabox,7p,phloxinabox,,
800522-0208,fgseedki,7p mixedromaine,7p,mixedromaine,,
800528-0208,fgseedki,7p growanything,7p,growanything,,
800529-0208,fgseedki,7p growanythingkit,7p,growanythingkit,,
800530-0208,fgseedki,growanything25pk,growanything25pk,,,
800531-0208,fgseedki,7p englishcotte,7p,englishcotte,,
800532-0208,fgseedki,growanything50pk,growanything50pk,,,
800533-0208,fgseedki,7p mountainmeadow,7p,mountainmeadow,,
800536-0208,fgseedki,7p splashofcolor,7p,splashofcolor,,
800538-0208,fgseedki,7p cascadingpetunia,7p,cascadingpetunia,,
800539-0208,fgseedki,uni vinca,uni,vinca,,
800542-0208,fgseedki,7p bellpeppers,7p,bellpeppers,,
800544-0208,fgseedki,7p chilipepper,7p,chilipepper,,
800545-0208,fgseedki,7p pestobasil ca,7p,pestobasil,ca,
800546-0208,fgseedki,7p internationalbasil,7p,internationalbasil,,
800547-0208,fgseedki,7p salsagarden,7p,salsagarden,,
800554-0208,fgseedki,7p lavender ca,7p,lavender,ca,
800554-0300,fgseedki,6p lavender,6p,lavender,,
800570-0100,fgseedki,seedstartingsystem6,seedstartingsystem6,,,
800570-0200,fgseedki,seedstartingsystem ss6,seedstartingsystem,ss6,,
800570-0208,fgseedki,gardenstartertray ss6,gardenstartertray,ss6,,
800571-0100,accessory,seedstartingsystem6plstc,seedstartingsystem6plstc,,,
800580-0208,fgseedki,7p freshtea,7p,freshtea,,
800594-0300,fgseedki,7p mightyminicherrytom,7p,mightyminicherrytom,,
800595-0300,fgseedki,14p flowerlover's,14p,flowerlover's,,
800596-0208,fgseedki,uni freshtastyherb,uni,freshtastyherb,,
800597-0208,fgseedki,uni freshtastysalad,uni,freshtastysalad,,
800598-0208,fgseedki,7p freshtastytomato,7p,freshtastytomato,,
800599-0208,fgseedki,7p thaipepper,7p,thaipepper,,
800600-0208,fgseedki,7p jalapenopepper,7p,jalapenopepper,,
800601-0208,fgseedki,7p uplandcress,7p,uplandcress,,
800602-0208,fgseedki,7p chinesecabbe,7p,chinesecabbe,,
800603-0208,fgseedki,7p tradlmedicinal,7p,tradlmedicinal,,
800604-0208,fgseedki,7p heirloomsaladgreens,7p,heirloomsaladgreens,,
800605-0208,fgseedki,7p straerryliveplants,7p,straerryliveplants,,
800606-0208,fgseedki,7p asianherbs,7p,asianherbs,,
800607-0208,fgseedki,7p pizzaherb,7p,pizzaherb,,
800608-0208,fgseedki,7p celosia,7p,celosia,,
800609-0208,fgseedki,7p cocktailmocktail,7p,cocktailmocktail,,
800611-0208,fgseedki,7p incredibleedibles,7p,incredibleedibles,,
800612-0208,fgseedki,7p springflowers,7p,springflowers,,
800613-0208,fgseedki,7p polkadotmix,7p,polkadotmix,,
800614-0208,fgseedki,7p kalemix,7p,kalemix,,
800615-0208,fgseedki,7p violayellowrdwing,7p,violayellowrdwing,,
800621-0208,fgseedki,7p zinniamix,7p,zinniamix,,
800622-0208,fgseedki,7p beetgreens,7p,beetgreens,,
800623-0208,fgseedki,7p rosemary,7p,rosemary,,
800624-0208,fgseedki,7p smoothiegreens,7p,smoothiegreens,,
800625-0208,fgseedki,7p scarboroughfair,7p,scarboroughfair,,
800626-0208,fgseedki,7p bokchoi,7p,bokchoi,,
800627-0208,fgseedki,7p swisschard,7p,swisschard,,
800999-0208,fgseedki,7pgourmetherbseedkit,7pgourmetherbseedkit,,,
802000-0208,fgseedki,herbie pizzaparty pkin,herbie,pizzaparty,pkin,
802001-0208,fgseedki,herbie lettucefortwo,herbie,lettucefortwo,,
802002-0208,fgseedki,herbie minticecream,herbie,minticecream,,
802003-0208,fgseedki,herbie snapdrpuppetshow,herbie,snapdrpuppetshow,,
802004-0208,fgseedki,herbie pizzaparty stand,herbie,pizzaparty,stand,
806012-0208,fgseedki,12p grmthrbhrlmtomato,12p,grmthrbhrlmtomato,,
806150-0208,fgseedki,6p ctomkit herb,6p,ctomkit,herb,
806151-0208,fgseedki,6p ctomkit veggie,6p,ctomkit,veggie,
806152-0208,fgseedki,6p ctomkit salad,6p,ctomkit,salad,
806153-0208,fgseedki,6p ctomkit flower,6p,ctomkit,flower,
806238-0208,fgseedki,6p loveblooms,6p,loveblooms,,
806334-0208,fgseedki,6p cascpetunia_obsolet,6p,cascpetunia_obsolet,,
806334-2208,fgseedki,6p cascadingpetuniax2,6p,cascadingpetuniax2,,
806500-0200,fgseedki,6p gourmetherb,6p,gourmetherb,,
806500-0201,fgseedki,6p gourmetherb,6p,gourmetherb,,
806500-0205,fgseedki,6p gourmetherb,6p,gourmetherb,,
806500-0208,fgseedki,6p gourmetherb,6p,gourmetherb,,
806500-0301,fgseedki,6p gourmetherb,6p,gourmetherb,,
806500-0408,fgseedki,gf 6p gourmetherb,gf,6p,gourmetherb,
806500-2200,fgseedki,6p gourmetherb 2pk,6p,gourmetherb,2pk,
806500-2208,fgseedki,6p gourmetherbx2,6p,gourmetherbx2,,
806501-0200,fgseedki,6p cherrytomato,6p,cherrytomato,,
806501-0201,fgseedki,6p cherrytomato,6p,cherrytomato,,
806501-0205,fgseedki,6p cherrytomato,6p,cherrytomato,,
806501-0208,fgseedki,6p cherrytomato,6p,cherrytomato,,
806501-0301,fgseedki,6p cherrytomato,6p,cherrytomato,,
806501-0408,fgseedki,gf 6p cherrytomato,gf,6p,cherrytomato,
806501-2200,fgseedki,6p hrlmcherrytomato 2pk,6p,hrlmcherrytomato,2pk,
806501-2208,fgseedki,6p cherrytomatox2,6p,cherrytomatox2,,
806502-0208,fgseedki,6p saladgreensmix,6p,saladgreensmix,,
806507-0208,fgseedki,6p tcanitalianherb,6p,tcanitalianherb,,
806507-2208,fgseedki,6p italianherb 2pk,6p,italianherb,2pk,
806515-0208,fgseedki,6p cole,6p,cole,,
806516-0208,fgseedki,6p goldentomato,6p,goldentomato,,
806518-0208,fgseedki,6p phloxinabox,6p,phloxinabox,,
806522-0208,fgseedki,6p mixedromaine,6p,mixedromaine,,
806522-2208,fgseedki,6p mixedromaine 2pk,6p,mixedromaine,2pk,
806528-0200,fgseedki,6pgrowanything ca,6pgrowanything,ca,,
806528-0201,fgseedki,6p growanything,6p,growanything,,
806528-0205,fgseedki,6p growanything,6p,growanything,,
806528-0208,fgseedki,6p growanything,6p,growanything,,
806528-0301,fgseedki,6p growanything,6p,growanything,,
806528-0408,fgseedki,gf 6p growanything,gf,6p,growanything,
806528-2200,fgseedki,6p growanything 2pk ca,6p,growanything,2pk,ca
806528-2208,fgseedki,6p growanythingx2,6p,growanythingx2,,
806538-0208,fgseedki,6p cascadingpetunia,6p,cascadingpetunia,,
806545-0201,fgseedki,6p pestobasil,6p,pestobasil,,
806545-0205,fgseedki,6p pestobasil,6p,pestobasil,,
806545-0208,fgseedki,6p pestobasil,6p,pestobasil,,
806545-2208,fgseedki,2x 6p pestobasil,2x,6p,pestobasil,
806546-0208,fgseedki,6p internationalbasil,6p,internationalbasil,,
806547-0208,fgseedki,6p salsagarden,6p,salsagarden,,
806547-2208,fgseedki,6p salsagarden 2pk,6p,salsagarden,2pk,
806554-0208,fgseedki,6p lavender,6p,lavender,,
806580-0208,fgseedki,6p freshtea,6p,freshtea,,
806594-0208,fgseedki,6p mightymini,6p,mightymini,,
806599-0208,fgseedki,6p thaipepper,6p,thaipepper,,
806600-0208,fgseedki,6p jalepenopepper,6p,jalepenopepper,,
806603-0208,fgseedki,6p tradlmedicinal,6p,tradlmedicinal,,
806603-2208,fgseedki,6p tradlmedicinl 2pk,6p,tradlmedicinl,2pk,
806604-0200,fgseedki,6p hrlmsaladgreens ca,6p,hrlmsaladgreens,ca,
806604-0201,fgseedki,6p hrlmsaladgreens,6p,hrlmsaladgreens,,
806604-0205,fgseedki,6p hrlmsaladgreens,6p,hrlmsaladgreens,,
806604-0208,fgseedki,6p hrlmsaladgreens,6p,hrlmsaladgreens,,
806604-0301,fgseedki,6p hrlmsaladgreens,6p,hrlmsaladgreens,,
806604-0408,fgseedki,gf 6p hrlmsaladgreens,gf,6p,hrlmsaladgreens,
806604-2200,fgseedki,6phrlmsaladgreens 2pk,6phrlmsaladgreens,2pk,,
806604-2208,fgseedki,6p heirloomsaladgrnsx2,6p,heirloomsaladgrnsx2,,
806607-0208,fgseedki,6p pizzaherb,6p,pizzaherb,,
806607-2208,fgseedki,2x 6p pizzaherbkit,2x,6p,pizzaherbkit,
806609-0208,fgseedki,6p cocktailmocktail,6p,cocktailmocktail,,
806611-0208,fgseedki,6p incredibleedibles,6p,incredibleedibles,,
806611-2208,fgseedki,6p incredibleed 2pk,6p,incredibleed,2pk,
806612-0208,fgseedki,6p springflowers,6p,springflowers,,
806613-0208,fgseedki,6p polkadotmix,6p,polkadotmix,,
806614-0208,fgseedki,6p kalemix,6p,kalemix,,
806614-2208,fgseedki,2x 6p kalemix,2x,6p,kalemix,
806615-0208,fgseedki,6p violayellowrdwing,6p,violayellowrdwing,,
806621-0208,fgseedki,6p zinniamix,6p,zinniamix,,
806622-0208,fgseedki,6p beetgreens,6p,beetgreens,,
806622-2208,fgseedki,6p beetgreens 2pk,6p,beetgreens,2pk,
806623-0208,fgseedki,6p rosemary,6p,rosemary,,
806624-0208,fgseedki,6p smoothiegreens,6p,smoothiegreens,,
806624-2208,fgseedki,6p smoothiegrns 2pk,6p,smoothiegrns,2pk,
806625-0208,fgseedki,6p scarboroughfair,6p,scarboroughfair,,
806625-2208,fgseedki,6p scarboroughfa 2pk,6p,scarboroughfa,2pk,
806626-0208,fgseedki,6p bokchoi,6p,bokchoi,,
806627-0208,fgseedki,6p swisschard,6p,swisschard,,
806632-0208,seedkits,6p southerngreens,6p,southerngreens,,
809150-0208,fgseedki,9p ctomherb,9p,ctomherb,,
809151-0208,fgseedki,9p ctomkit veggie,9p,ctomkit,veggie,
809152-0208,fgseedki,9p ctomkit salad,9p,ctomkit,salad,
809153-0208,fgseedki,9p ctomkit flower,9p,ctomkit,flower,
809238-0208,fgseedki,9p loveblooms,9p,loveblooms,,
809260-0208,fgseedki,9p megacherrytomato,9p,megacherrytomato,,
809500-0200,fgseedki,9p gourmetherb ca,9p,gourmetherb,ca,
809500-0201,fgseedki,9p gourmetherb,9p,gourmetherb,,
809500-0205,fgseedki,9p gourmetherb,9p,gourmetherb,,
809500-0208,fgseedki,9p gourmetherb,9p,gourmetherb,,
809500-2200,fgseedki,9p gourmetherb 2pk,9p,gourmetherb,2pk,
809500-2208,fgseedki,9p gourmetherb 2pk,9p,gourmetherb,2pk,
809501-0200,fgseedki,9p hrlmcherrytomato ca,9p,hrlmcherrytomato,ca,
809501-0201,fgseedki,9p hrlmcherrytomato uk,9p,hrlmcherrytomato,uk,
809501-0205,fgseedki,9p hrlmcherrytomato,9p,hrlmcherrytomato,,
809501-0208,fgseedki,9p hrlmcherrytomato,9p,hrlmcherrytomato,,
809501-2200,fgseedki,9p hrlmcherrytomato 2pk,9p,hrlmcherrytomato,2pk,
809501-2208,fgseedki,9p hrlmcherrytomato 2pk,9p,hrlmcherrytomato,2pk,
809502-0208,fgseedki,9p saladgreensmix,9p,saladgreensmix,,
809507-0208,fgseedki,9p tcanitalianherb,9p,tcanitalianherb,,
809515-0208,fgseedki,9p cole,9p,cole,,
809516-0208,fgseedki,9p goldentomato,9p,goldentomato,,
809518-0208,fgseedki,9p phloxinabox,9p,phloxinabox,,
809522-0208,fgseedki,9p mixedromaine,9p,mixedromaine,,
809528-0200,fgseedki,9p growanything ca,9p,growanything,ca,
809528-0201,fgseedki,9p growanything uk,9p,growanything,uk,
809528-0205,fgseedki,9p growanything,9p,growanything,,
809528-0208,fgseedki,9p growanything,9p,growanything,,
809528-2200,fgseedki,9p growanything 2pk ca,9p,growanything,2pk,ca
809528-2208,fgseedki,9p growanything 2pk,9p,growanything,2pk,
809531-0208,fgseedki,9p englishcotte,9p,englishcotte,,
809533-0208,fgseedki,9p mountainmeadow,9p,mountainmeadow,,
809538-0208,fgseedki,9p cascadingpetunia,9p,cascadingpetunia,,
809542-0208,fgseedki,9p bellpeppers,9p,bellpeppers,,
809544-0208,fgseedki,9p chilipepper,9p,chilipepper,,
809545-0201,fgseedki,9p pestobasil uk,9p,pestobasil,uk,
809545-0205,seedkits,9p pestobasil,9p,pestobasil,,
809545-0208,fgseedki,9p pestobasil,9p,pestobasil,,
809546-0208,fgseedki,9p intlbasil,9p,intlbasil,,
809547-0208,fgseedki,9p salsagarden,9p,salsagarden,,
809554-0208,fgseedki,9p lavender,9p,lavender,,
809580-0208,fgseedki,9p freshtea,9p,freshtea,,
809594-0300,fgseedki,9pmightymini,9pmightymini,,,
809599-0208,fgseedki,9p thaipepper,9p,thaipepper,,
809600-0208,fgseedki,9p jalepenopepper,9p,jalepenopepper,,
809603-0208,fgseedki,9p tradlmedicinal,9p,tradlmedicinal,,
809604-0200,fgseedki,9p hrlmsaladgreens ca,9p,hrlmsaladgreens,ca,
809604-0201,fgseedki,9p hrlmsaladgreens uk,9p,hrlmsaladgreens,uk,
809604-0208,fgseedki,9p hrlmsaladgreens,9p,hrlmsaladgreens,,
809604-2200,fgseedki,9phrlmsaladgreens 2pk,9phrlmsaladgreens,2pk,,
809604-2208,fgseedki,9p hrlmsaladgreens 2pk,9p,hrlmsaladgreens,2pk,
809606-0208,fgseedki,9p asianherbs,9p,asianherbs,,
809607-0208,fgseedki,9p pizzaherbkit,9p,pizzaherbkit,,
809608-0208,fgseedki,9p celosia,9p,celosia,,
809609-0208,fgseedki,9p cocktailmocktail,9p,cocktailmocktail,,
809611-0208,fgseedki,9p incredibleedibles,9p,incredibleedibles,,
809612-0208,fgseedki,9p springflowers,9p,springflowers,,
809613-0208,fgseedki,9p polkadotmix,9p,polkadotmix,,
809614-0208,fgseedki,9p kalemix,9p,kalemix,,
809615-0208,fgseedki,9p violayellowrdwing,9p,violayellowrdwing,,
809616-0208,fgseedki,9p ghostpepper,9p,ghostpepper,,
809617-0208,fgseedki,9p anaheimpepper,9p,anaheimpepper,,
809618-0208,fgseedki,9p poblanopepper,9p,poblanopepper,,
809619-0208,fgseedki,9p cayennepepper,9p,cayennepepper,,
809621-0208,fgseedki,9p zinniamix,9p,zinniamix,,
809622-0208,fgseedki,9p beetgreens,9p,beetgreens,,
809623-0208,fgseedki,9p rosemary,9p,rosemary,,
809624-0208,fgseedki,9p smoothiegreens,9p,smoothiegreens,,
809625-0208,fgseedki,9p scarboroughfair,9p,scarboroughfair,,
809626-0208,fgseedki,9p bokchoi,9p,bokchoi,,
809627-0208,fgseedki,9p swisschard,9p,swisschard,,
809628-0208,fgseedki,9p shishitopeppers,9p,shishitopeppers,,
809629-0208,fgseedki,9p sweetbananapeppers,9p,sweetbananapeppers,,
809630-0208,seedkits,9p fairytaleeggplant,9p,fairytaleeggplant,,
809631-0208,seedkits,9p fajitapepper,9p,fajitapepper,,
809632-0208,seedkits,9p southerngreens,9p,southerngreens,,
812006-0208,fgseedki,12p jumboveggies,12p,jumboveggies,,
812150-0208,fgseedki,12p ctomherb,12p,ctomherb,,
812151-0208,fgseedki,12p ctomvegetable,12p,ctomvegetable,,
812152-0208,fgseedki,12p ctomsalad,12p,ctomsalad,,
812153-0208,fgseedki,12p ctomflower,12p,ctomflower,,
812501-0208,fgseedki,12p hrlmtomato,12p,hrlmtomato,,
812528-0208,fgseedki,12p growanything,12p,growanything,,
812546-0208,fgseedki,12p internationalbasil,12p,internationalbasil,,
812604-0208,fgseedki,12p hrlmsaladgreens,12p,hrlmsaladgreens,,
812626-0208,fgseedki,12p bokchoi,12p,bokchoi,,
812627-0208,fgseedki,12p swisschard,12p,swisschard,,
812628-0208,fgseedki,12p shishitopeppers,12p,shishitopeppers,,
812629-0208,fgseedki,12p sweetbananapeppers,12p,sweetbananapeppers,,
812632-0208,seedkits,12p southerngreens,12p,southerngreens,,
8202-00B,fggardens,ultraledbundle gh+sss,ultraledbundle,gh+sss,,
824003-0208,fgseedki,farm greatgreens,farm,greatgreens,,
824500-0001,fgseedki,farm saladbar a pkin,farm,saladbar,a,pkin
824500-0002,fgseedki,farm saladbar b pkin,farm,saladbar,b,pkin
824500-0208,fgseedki,farm saladbar,farm,saladbar,,
900100-0100,fggardens,7 blk,7,blk,,
900100-0200,fggardens,7 blk no,7,blk,no,
900100-1100,fggardens,7 blk gh,7,blk,gh,
900100-1200,fggardens,7 blk gh,7,blk,gh,
900110-0100,fggardens,3 blk no,3,blk,no,
900110-0200,fggardens,3 blk no,3,blk,no,
900110-0208,fggardens,3 blk no,3,blk,no,
900110-1100,fggardens,3 blk gh,3,blk,gh,
900110-1200,fggardens,3 blk gh,3,blk,gh,
900110-1208,fggardens,3 blk gh,3,blk,gh,
900113-0300,fggardens,3 pink,3,pink,,
900113-1300,fggardens,3 pink gh,3,pink,gh,
900116-0300,fggardens,3 yellow,3,yellow,,
900116-1300,fggardens,3 yellow gh,3,yellow,gh,
900140-0300,fggardens,3 spottedcow,3,spottedcow,,
900140-1300,fggardens,3 spottedcow gh,3,spottedcow,gh,
900146-0300,fggardens,3 penguin,3,penguin,,
900146-1300,fggardens,3penguin gherb,3penguin,gherb,,
900200-0100,fggardens,7 wht no,7,wht,no,
900200-1100,fggardens,7 wht gh,7,wht,gh,
900210-0100,fggardens,3 wht no,3,wht,no,
900210-1100,fggardens,3 wht gh,3,wht,gh,
900210-1200,fggardens,3 wht gh,3,wht,gh,
900244-0300,fggardens,3 bee no,3,bee,no,
900244-1300,fggardens,3 bee gh,3,bee,gh,
900245-0100,fggardens,3 ladybug no,3,ladybug,no,
900245-1208,fggardens,3 ladybug gh,3,ladybug,gh,
900245-1400,fggardens,3 ladybug gh,3,ladybug,gh,
900300-0100,fggardens,7silver,7silver,,,
900300-1100,fggardens,7 silver gherbs,7,silver,gherbs,
900400-0100,fggardens,7led blackno,7led,blackno,,
900803-0200,fggardens,3psl black no,3psl,black,no,
900803-2200,fggardens,3sl black 2s,3sl,black,2s,
900804-0200,fggardens,3pslwhite no,3pslwhite,no,,
900804-2200,fggardens,3sl white 2s,3sl,white,2s,
900804-X200,fggardens,3sl white no,3sl,white,no,
900805-0100,fggardens,sprout blue bb,sprout,blue,bb,
900805-1100,fggardens,sprt blu kh+minict,sprt,blu,kh+minict,
900805-1200,fggardens,sprout blue gh,sprout,blue,gh,
900805-2100,fggardens,sprout blue gh,sprout,blue,gh,
900805-3100,fggardens,sprout blu gh+minict,sprout,blu,gh+minict,
900805-4100,fggardens,sprout blu gh,sprout,blu,gh,
900806-0100,fggardens,sprout red bb,sprout,red,bb,
900806-1100,fggardens,sproutred kh+minict,sproutred,kh+minict,,
900806-1200,fggardens,sprout red gh,sprout,red,gh,
900806-2100,fggardens,sprout red gh,sprout,red,gh,
900806-3100,fggardens,sprout red gh+minict,sprout,red,gh+minict,
900806-4100,fggardens,sprout red gh,sprout,red,gh,
900813-0100,fggardens,sprout blk,sprout,blk,,
900813-0200,fggardens,sprout blk,sprout,blk,,
900813-1100,fggardens,sprout blk kh+minict,sprout,blk,kh+minict,
900813-1200,fggardens,sprout blk gh,sprout,blk,gh,
900813-2100,fggardens,sprout blk gh+minict,sprout,blk,gh+minict,
900813-4100,fggardens,sprout blk gh,sprout,blk,gh,
900813-8200,fggardens,sprout blk gh,sprout,blk,gh,
900814-0100,fggardens,sprout wht,sprout,wht,,
900814-0200,fggardens,sprout wht,sprout,wht,,
900814-1100,fggardens,sprout wht kh+minict,sprout,wht,kh+minict,
900814-1200,fggardens,sprout wht gh,sprout,wht,gh,
900814-2100,fggardens,sprout wht gh+minict,sprout,wht,gh+minict,
900814-4100,fggardens,sprout wht gh,sprout,wht,gh,
900817-0100,fggardens,sproutled black,sproutled,black,,
900817-0200,fggardens,sproutled black,sproutled,black,,
900817-1100,fggardens,sproutled blk gh,sproutled,blk,gh,
900817-1101,fggardens,sproutled black gh,sproutled,black,gh,
900817-1105,fggardens,sproutled black,sproutled,black,,
900817-1108,fggardens,sproutled blk gh,sproutled,blk,gh,
900817-1200,fggardens,sproutled blk gh,sproutled,blk,gh,
900817-1208,fggardens,sproutled blk,sproutled,blk,,
900817-2200,fggardens,sproutled blk,sproutled,blk,,
900817-3108,aerogarden,sproutled blk sss ca,sproutled,blk,sss,ca
900817-4200,fggardens,sproutled blk 2pk,sproutled,blk,2pk,
900817-4208,fggardens,sproutled blk ghx2,sproutled,blk,ghx2,
900818-0100,fggardens,sproutled wht,sproutled,wht,,
900818-0101,fggardens,sproutled wht,sproutled,wht,,
900818-0200,fggardens,sproutled white,sproutled,white,,
900818-1100,fggardens,sproutled wht gh,sproutled,wht,gh,
900818-1101,fggardens,sproutled wht gh,sproutled,wht,gh,
900818-1105,fggardens,sproutled white,sproutled,white,,
900818-1200,fggardens,sproutled wht gh,sproutled,wht,gh,
900818-1208,fggardens,sproutled wht,sproutled,wht,,
900818-4208,fggardens,sproutled wht ghx2,sproutled,wht,ghx2,
900819-0100,fggardens,sproutled red,sproutled,red,,
900819-0200,fggardens,sproutled red,sproutled,red,,
900819-1100,aerogarden,sproutled red,sproutled,red,,
900819-1200,fggardens,sproutled red gh,sproutled,red,gh,
900819-1208,fggardens,sproutled red,sproutled,red,,
900820-0200,fggardens,sproutled teal,sproutled,teal,,
900820-1200,fggardens,sproutled teal gh,sproutled,teal,gh,
900822-1100,fggardens,sproutled grey,sproutled,grey,,
900823-1110,aerogarden,sproutled tasty ranch,sproutled,tasty,ranch,
900823-1120,aerogarden,sproutled tasty southwestern,sproutled,tasty,southwestern,
900823-1130,aerogarden,sproutled tasty capresesalad,sproutled,tasty,capresesalad,
900823-1140,aerogarden,sproutled tasty cocktailmocktail,sproutled,tasty,cocktailmocktail,
900901-0200,fggardens,herbie,herbie,,,
900901-1200,fggardens,herbie,herbie,,,
900950-0100,fggardens,farm blk,farm,blk,,
900950-1100,fggardens,farm blk,farm,blk,,
900951-0100,fggardens,farm wht,farm,wht,,
900951-1100,fggardens,farm wht,farm,wht,,
900960-0100,fggardens,farmpl blk,farmpl,blk,,
900960-1100,fggardens,farmpl blk,farmpl,blk,,
900961-0100,fggardens,farmpl wht,farmpl,wht,,
900961-1100,fggardens,farmpl wht,farmpl,wht,,
900970-0100,fggardens,farmxl blk,farmxl,blk,,
900970-1100,fggardens,farmxl blk,farmxl,blk,,
900971-0100,fggardens,farmxl wht,farmxl,wht,,
900971-1100,fggardens,farmxl wht,farmxl,wht,,
901011-0100,fggardens,6ss6mdlblk no,6ss6mdlblk,no,,
901011-0200,fggardens,6 blk no,6,blk,no,
901011-1100,fggardens,6 blk gh,6,blk,gh,
901011-1200,fggardens,6 blk gh,6,blk,gh,
901011-3100,fggardens,6 blk gh sss,6,blk,gh,sss
901016-0100,fggardens,6led blk,6led,blk,,
901016-0200,fggardens,6led blk,6led,blk,,
901016-1100,fggardens,6ledwithgh,6ledwithgh,,,
901016-1200,fggardens,6ledwithgh,6ledwithgh,,,
901016-2100,fggardens,6ledwithghct,6ledwithghct,,,
901016-2108,fggardens,6ledwithghct,6ledwithghct,,,
901016-4200,fggardens,6ledwithghsss,6ledwithghsss,,,
901016-5200,fggardens,6led gh sssinstore,6led,gh,sssinstore,
901040-0100,fggardens,harvest blk no,harvest,blk,no,
901040-0200,fggardens,harvest blk no,harvest,blk,no,
901040-1101,fggardens,harvest blk gh,harvest,blk,gh,
901040-1105,fggardens,harvest blk gh,harvest,blk,gh,
901040-1200,fggardens,harvest blk gh,harvest,blk,gh,
901040-2200,fggardens,harvest blk ghhct,harvest,blk,ghhct,
901040-2208,fggardens,harvest blk ghhct,harvest,blk,ghhct,
901041-0100,fggardens,harvest wht no,harvest,wht,no,
901041-0200,fggardens,harvest wht no,harvest,wht,no,
901041-1101,fggardens,harvest wht gh,harvest,wht,gh,
901041-1105,fggardens,harvest wht gh,harvest,wht,gh,
901041-1200,fggardens,harvest wht gh,harvest,wht,gh,
901044-0100,fggardens,harvesttouch eggplnt,harvesttouch,eggplnt,,
901044-1100,fggardens,harvesttouch eggplnt,harvesttouch,eggplnt,,
901044-4100,fggardens,hrvsttouch egg gh sss,hrvsttouch,egg,gh,sss
901045-0100,fggardens,harvesttouch blk,harvesttouch,blk,,
901045-1100,fggardens,harvesttouch blk,harvesttouch,blk,,
901045-4100,fggardens,hrvsttouch blk gh sss,hrvsttouch,blk,gh,sss
901046-0100,fggardens,harvesttouch blue,harvesttouch,blue,,
901046-1100,fggardens,harvesttouch blue,harvesttouch,blue,,
901046-4100,fggardens,hrvsttouch blu gh sss,hrvsttouch,blu,gh,sss
901047-0100,fggardens,harvesttouch red,harvesttouch,red,,
901047-1100,fggardens,harvesttouch red,harvesttouch,red,,
901047-4100,fggardens,hrvsttouch red gh sss,hrvsttouch,red,gh,sss
901048-0100,fggardens,harvesttouch wht,harvesttouch,wht,,
901048-1100,fggardens,harvesttouch wht,harvesttouch,wht,,
901048-4100,fggardens,hrvsttouch wht gh sss,hrvsttouch,wht,gh,sss
901049-0200,fggardens,harvestelitecopper,harvestelitecopper,,,
901049-1200,fggardens,harvestelitecopper,harvestelitecopper,,,
901050-0200,fggardens,harvestelite no,harvestelite,no,,
901050-1101,fggardens,harvestelite2015,harvestelite2015,,,
901050-1105,fggardens,harvestelite2015,harvestelite2015,,,
901050-1200,fggardens,harvestelite ssgh,harvestelite,ssgh,,
901051-0200,fggardens,harvestelite red,harvestelite,red,,
901051-1200,fggardens,harvestelite red,harvestelite,red,,
901052-0200,fggardens,harvestelite plt,harvestelite,plt,,
901052-1200,fggardens,harvestelite plt,harvestelite,plt,,
901053-0100,fggardens,harvestelite ss,harvestelite,ss,,
901053-0200,fggardens,aerogdharvestelite ss,aerogdharvestelite,ss,,
901053-1100,fggardens,harvestelite ss,harvestelite,ss,,
901053-1201,fggardens,harvestelite ss uk,harvestelite,ss,uk,
901055-0200,fggardens,harvestelitetouch ss,harvestelitetouch,ss,,
901055-1200,fggardens,harvestelitetouch gh,harvestelitetouch,gh,,
901055-1208,fggardens,harvestelitetouch ss,harvestelitetouch,ss,,
901056-0200,fggardens,harvestelitetouch rd,harvestelitetouch,rd,,
901056-1200,fggardens,harvestelitetouch rd,harvestelitetouch,rd,,
901057-0200,fggardens,harvestelitetouch cp,harvestelitetouch,cp,,
901057-1200,fggardens,harvestelitetouch cp,harvestelitetouch,cp,,
901057-1208,fggardens,harvestelitetouch cp,harvestelitetouch,cp,,
901059-0100,fggardens,harvestpremium cpr,harvestpremium,cpr,,
901059-0200,fggardens,harvestpremium cpr,harvestpremium,cpr,,
901059-2100,fggardens,harvest200 copper,harvest200,copper,,
901060-0100,fggardens,harvestpremium black,harvestpremium,black,,
901060-0200,fggardens,harvestpremium black,harvestpremium,black,,
901060-1108,fggardens,harvestpremium black,harvestpremium,black,,
901060-1200,fggardens,harvestpremium black,harvestpremium,black,,
901060-2100,fggardens,harvest200 black,harvest200,black,,
901061-0100,fggardens,harvestpremium plt,harvestpremium,plt,,
901061-0200,fggardens,harvestpremium plt,harvestpremium,plt,,
901061-1200,fggardens,harvestpremium plt,harvestpremium,plt,,
901061-1208,fggardens,harvestpremium plt,harvestpremium,plt,,
901061-2100,fggardens,harvest200 gmg,harvest200,gmg,,
901062-0100,fggardens,harvestpremium red,harvestpremium,red,,
901062-0200,fggardens,harvestpremium red,harvestpremium,red,,
901062-1100,fggardens,harvest200 red,harvest200,red,,
901062-1108,fggardens,harvestpremium red,harvestpremium,red,,
901062-1200,fggardens,harvestpremium red,harvestpremium,red,,
901062-2100,fggardens,harvest200 red,harvest200,red,,
901063-0100,fggardens,harvest200 blue,harvest200,blue,,
901063-2100,fggardens,harvest200 blue,harvest200,blue,,
901064-0100,fggardens,harvest200 eggplant,harvest200,eggplant,,
901064-2100,fggardens,harvest200 eggplant,harvest200,eggplant,,
901065-0200,fggardens,harvestpl grey,harvestpl,grey,,
901065-1200,fggardens,harvestpl grey,harvestpl,grey,,
901065-EMPL,fggardens,harvestpl grey,harvestpl,grey,,
901067-0200,fggardens,harvestpl red,harvestpl,red,,
901067-1200,fggardens,harvestpl red gh,harvestpl,red,gh,
901067-EMPL,fggardens,harvestpl red gh,harvestpl,red,gh,
901068-0200,fggardens,harvestpl teal,harvestpl,teal,,
901068-1200,fggardens,harvestpl tel gh,harvestpl,tel,gh,
901068-EMPL,fggardens,harvestpl tel gh,harvestpl,tel,gh,
901069-0200,fggardens,harvestpl wht,harvestpl,wht,,
901069-1200,fggardens,harvestpl wht,harvestpl,wht,,
901070-0100,fggardens,harvest2016 blk,harvest2016,blk,,
901070-0200,fggardens,harvest2016 blk,harvest2016,blk,,
901070-0208,fggardens,harvest2016 blk,harvest2016,blk,,
901070-1200,fggardens,harvest2016 blk,harvest2016,blk,,
901070-1208,fggardens,harvest2016 blk,harvest2016,blk,,
901071-0200,fggardens,harvest2016 wht,harvest2016,wht,,
901071-1200,fggardens,harvest2016 wht,harvest2016,wht,,
901072-0200,fggardens,harvest2016 red,harvest2016,red,,
901072-1200,fggardens,harvest2016 red,harvest2016,red,,
901073-0200,fggardens,harvest2016 teal,harvest2016,teal,,
901073-1200,fggardens,harvest2016 teal,harvest2016,teal,,
901074-0100,fggardens,harvestwifi blk,harvestwifi,blk,,
901074-1100,fggardens,harvestwifi blk,harvestwifi,blk,,
901074-1200,fggardens,harvestwifi blk,harvestwifi,blk,,
901075-0200,fggardens,harvestelitewifi blk,harvestelitewifi,blk,,
901075-1200,fggardens,harvestelitewifi blk,harvestelitewifi,blk,,
901076-0200,fggardens,harvestelitewifi blue,harvestelitewifi,blue,,
901076-1200,fggardens,harvestelitewifi blue,harvestelitewifi,blue,,
901077-0200,fggardens,harvestelitewifi cpr,harvestelitewifi,cpr,,
901077-1200,fggardens,harvestelitewifi cpr,harvestelitewifi,cpr,,
901078-0200,fggardens,harvestelitewifi eggplt,harvestelitewifi,eggplt,,
901078-1200,fggardens,harvestelitewifi eggplt,harvestelitewifi,eggplt,,
901079-0200,fggardens,harvestelitewifi red,harvestelitewifi,red,,
901079-1200,fggardens,harvestelitewifi red,harvestelitewifi,red,,
901080-0200,fggardens,harvestelitewifi ss,harvestelitewifi,ss,,
901080-1200,fggardens,harvestelitewifi ss,harvestelitewifi,ss,,
901100-0200,fggardens,harvest2018 blk,harvest2018,blk,,
901100-1200,fggardens,harvest2018 blk,harvest2018,blk,,
901100-1201,aerogarden,harvest2018 blkuk,harvest2018,blkuk,,
901100-1208,fggardens,harvest2018 blk,harvest2018,blk,,
901100-2200,fggardens,harvest2018 blk,harvest2018,blk,,
901101-0200,fggardens,harvest2018 wht,harvest2018,wht,,
901101-1200,fggardens,harvest2018 wht,harvest2018,wht,,
901101-1201,aerogarden,harvest2018 whtuk,harvest2018,whtuk,,
901101-1208,fggardens,harvest2018 wht,harvest2018,wht,,
901102-0200,fggardens,harvest2018 red,harvest2018,red,,
901102-1200,fggardens,harvest2018 red,harvest2018,red,,
901102-2200,fggardens,harvest2018 red,harvest2018,red,,
901103-0200,fggardens,harvestelite2018 plt,harvestelite2018,plt,,
901103-1200,fggardens,harvestelite2018 plt,harvestelite2018,plt,,
901103-4200,fggardens,harvestelite2018 plt sssbundle,harvestelite2018,plt,sssbundle,
901104-0200,fggardens,harvestelite2018 ss,harvestelite2018,ss,,
901104-1200,fggardens,harvestelite2018 ss,harvestelite2018,ss,,
901104-1201,aerogarden,harvestelite2018 ss,harvestelite2018,ss,,
901104-1208,fggardens,harvestelite2018 ss,harvestelite2018,ss,,
901104-4200,fggardens,harvestelite2018 ss sssbundle,harvestelite2018,ss,sssbundle,
901105-0200,fggardens,harvestelite2018 cpr,harvestelite2018,cpr,,
901105-1200,fggardens,harvestelite2018 cpr,harvestelite2018,cpr,,
901105-4200,fggardens,harvestelite2018 cpr sssbundle,harvestelite2018,cpr,sssbundle,
901106-0200,fggardens,harvestelite2018 sge,harvestelite2018,sge,,
901106-1200,fggardens,harvestelite2018 sge,harvestelite2018,sge,,
901106-4200,fggardens,harvestelite2018 sge sssbundle,harvestelite2018,sge,sssbundle,
901107-0200,aerogarden,harvest2019 se,harvest2019,se,,
901107-1200,aerogarden,harvest2019 sge,harvest2019,sge,,
901108-1100,fggardens,harvest2018 gry,harvest2018,gry,,
901109-1200,aerogarden,harvest2018 coolgray,harvest2018,coolgray,,
901110-0200,fggardens,harvest360 blk,harvest360,blk,,
901110-1200,fggardens,harvest360 blk,harvest360,blk,,
901110-2200,fggardens,harvest360 blk,harvest360,blk,,
901110-4200,fggardens,harvest360 blk sssbundle,harvest360,blk,sssbundle,
901111-0200,fggardens,harvest360 wht,harvest360,wht,,
901111-1200,fggardens,harvest360 wht,harvest360,wht,,
901111-2200,fggardens,harvest360 wht,harvest360,wht,,
901111-4200,fggardens,harvest360 wht sssbundle,harvest360,wht,sssbundle,
901112-0200,fggardens,harvest360 red,harvest360,red,,
901112-1200,fggardens,harvest360 red,harvest360,red,,
901112-2200,fggardens,harvest360 red,harvest360,red,,
901113-0200,fggardens,harvestelite360 plt,harvestelite360,plt,,
901113-1200,fggardens,harvestelite360 plt,harvestelite360,plt,,
901113-1208,fggardens,harvestelite360 plt,harvestelite360,plt,,
901113-4200,fggardens,harvestelite360 plt sssbundle,harvestelite360,plt,sssbundle,
901114-0200,fggardens,harvestelite360 ss,harvestelite360,ss,,
901114-1200,fggardens,harvestelite360 ss,harvestelite360,ss,,
901114-2208,aerogarden,harvestelite360 sscascpetunias,harvestelite360,sscascpetunias,,
901114-4200,fggardens,harvestelite360 ss sssbundle,harvestelite360,ss,sssbundle,
901115-0200,fggardens,harvestelite360 cpr,harvestelite360,cpr,,
901115-1200,fggardens,harvestelite360 cpr,harvestelite360,cpr,,
901115-4200,fggardens,harvestelite360 cpr sssbundle,harvestelite360,cpr,sssbundle,
901116-0200,aerogarden,harvest360 sge,harvest360,sge,,
901116-1200,aerogarden,harvest360 sge,harvest360,sge,,
901117-0200,fggardens,harvestelite360 red,harvestelite360,red,,
901117-1200,fggardens,harvestelite360 red,harvestelite360,red,,
901117-4200,fggardens,harvestelite360 red sssbundle,harvestelite360,red,sssbundle,
901120-0400,fggardens,gfharvestslim blk,gfharvestslim,blk,,
901120-1101,fggardens,harvestslim blk,harvestslim,blk,,
901120-1201,fggardens,harvestslim blk,harvestslim,blk,,
901120-1208,fggardens,harvestslim blk,harvestslim,blk,,
901120-1400,fggardens,gfharvestslim blk,gfharvestslim,blk,,
901121-0400,aerogarden,gfharvestslim wht,gfharvestslim,wht,,
901121-1101,fggardens,harvestslim wht,harvestslim,wht,,
901121-1208,fggardens,harvestslim wht,harvestslim,wht,,
901121-1400,fggardens,gfharvestslim wht,gfharvestslim,wht,,
901121-4200,aerogarden,harvestslim wht sssbundle,harvestslim,wht,sssbundle,
901123-0200,fggardens,harvesteliteslim plt,harvesteliteslim,plt,,
901123-1200,fggardens,harvesteliteslim plt,harvesteliteslim,plt,,
901123-4200,fggardens,harvesteliteslim plt sssbundle,harvesteliteslim,plt,sssbundle,
901124-0200,fggardens,harvesteliteslim ss,harvesteliteslim,ss,,
901124-1200,fggardens,harvesteliteslim ss,harvesteliteslim,ss,,
901124-1208,fggardens,harvesteliteslim ss,harvesteliteslim,ss,,
901124-4200,fggardens,harvesteliteslim ss sssbundle,harvesteliteslim,ss,sssbundle,
901125-0200,fggardens,harvesteliteslim cpr,harvesteliteslim,cpr,,
901125-1200,fggardens,harvesteliteslim cpr,harvesteliteslim,cpr,,
901125-4200,fggardens,harvesteliteslim cpr sssbundle,harvesteliteslim,cpr,sssbundle,
901126-1400,fggardens,gfharvestslim sge,gfharvestslim,sge,,
901127-1400,aerogarden,gfharvestslim gww,gfharvestslim,gww,,
901130-0200,aerogarden,harvest2018 cor,harvest2018,cor,,
901131-0200,aerogarden,harvestelite2019 pwh,harvestelite2019,pwh,,
901131-1200,aerogarden,harvestelite2018 pwh,harvestelite2018,pwh,,
901140-0200,aerogarden,harvest360 cor,harvest360,cor,,
901141-0200,aerogarden,harvestelite360 pwh,harvestelite360,pwh,,
901141-1200,aerogarden,harvestelite360 pwh,harvestelite360,pwh,,
901142-0200,aerogarden,harvestelite360 pbh,harvestelite360,pbh,,
901151-0200,aerogarden,harvesteliteslim pwh,harvesteliteslim,pwh,,
901151-1200,aerogarden,harvesteliteslim pwh,harvesteliteslim,pwh,,
901153-0200,aerogarden,harvesteliteslim pco,harvesteliteslim,pco,,
901153-1200,aerogarden,harvesteliteslim pco,harvesteliteslim,pco,,
903000-0100,fggardens,ultra blk no,ultra,blk,no,
903000-0200,fggardens,ultra blk no,ultra,blk,no,
903000-1100,fggardens,ultra blk gh,ultra,blk,gh,
903000-1200,fggardens,ultra blk gh,ultra,blk,gh,
903000-2100,fggardens,ultra blk gh sg,ultra,blk,gh,sg
903000-3100,fggardens,ultra blk gh ga,ultra,blk,gh,ga
903000-4100,fggardens,ultra blk gh sss,ultra,blk,gh,sss
903000-5100,fggardens,ultra blk gh ct,ultra,blk,gh,ct
903000-6100,fggardens,ultra 2 mchguide,ultra,2,mchguide,
903000-7100,fggardens,ultra blk gh sg,ultra,blk,gh,sg
903100-0100,fggardens,ultraled blk no,ultraled,blk,no,
903100-0200,fggardens,ultraled blk no,ultraled,blk,no,
903100-1200,fggardens,ultraled blk gh,ultraled,blk,gh,
903100-2200,fggardens,ultraled blk2s,ultraled,blk2s,,
903100-2208,fggardens,ultraled blk2s,ultraled,blk2s,,
903100-3100,fggardens,ultraled bonpck,ultraled,bonpck,,
903110-0100,fggardens,bounty,bounty,,,
903110-0200,fggardens,bounty,bounty,,,
903110-1100,fggardens,bounty gh,bounty,gh,,
903110-1101,fggardens,bounty gh uk,bounty,gh,uk,
903110-1105,fggardens,bounty gh fr,bounty,gh,fr,
903110-1200,fggardens,bounty gh,bounty,gh,,
903110-1208,fggardens,bounty gh,bounty,gh,,
903110-2108,fggardens,bounty gh+hct ca,bounty,gh+hct,ca,
903110-3100,fggardens,bounty gh hct shears,bounty,gh,hct,shears
903111-0100,fggardens,bountywithwifi,bountywithwifi,,,
903111-1100,fggardens,bountywithwifi,bountywithwifi,,,
903120-0100,fggardens,bountyelite,bountyelite,,,
903120-0200,fggardens,bountyelite,bountyelite,,,
903120-1100,fggardens,bountyelite gh ss,bountyelite,gh,ss,
903120-1200,fggardens,bountyelite gh ss,bountyelite,gh,ss,
903120-1208,fggardens,bountyelite ss,bountyelite,ss,,
903121-0100,fggardens,bountyeliteplatinum,bountyeliteplatinum,,,
903121-0200,fggardens,bountyeliteplatinum,bountyeliteplatinum,,,
903121-1100,fggardens,bountyeliteplatinum,bountyeliteplatinum,,,
903121-1108,fggardens,bountyeliteplatinum,bountyeliteplatinum,,,
903121-1200,fggardens,bountyeliteplatinum,bountyeliteplatinum,,,
903122-0100,fggardens,bountyelitewifi,bountyelitewifi,,,
903122-1100,fggardens,bountyelitewifi,bountyelitewifi,,,
903123-0100,fggardens,bountyelite red,bountyelite,red,,
903123-0200,fggardens,bountyelite red,bountyelite,red,,
903123-1108,fggardens,bountyelite red gh,bountyelite,red,gh,
903123-1200,fggardens,bountyelite red gh,bountyelite,red,gh,
903124-0100,fggardens,bountyeliteplatinum wifi,bountyeliteplatinum,wifi,,
903124-1100,fggardens,bountyeliteplatinum wifi,bountyeliteplatinum,wifi,,
903125-0100,fggardens,bountyeliteredwifi,bountyeliteredwifi,,,
903125-1100,fggardens,bountyeliteredwifi,bountyeliteredwifi,,,
903126-0100,aerogarden,bountybasic2019 blk,bountybasic2019,blk,,
903126-1100,aerogarden,bountybasic2019 blk,bountybasic2019,blk,,
903126-1101,aerogarden,bountybasic2019 blk uk,bountybasic2019,blk,uk,
903130-0100,aerogarden,bounty2019 blk,bounty2019,blk,,
903130-1100,aerogarden,bounty2019 blk,bounty2019,blk,,
903131-0100,aerogarden,bounty2019 wht,bounty2019,wht,,
903131-1100,aerogarden,bounty2019 wht,bounty2019,wht,,
903132-0100,aerogarden,bountyelite2019 pre,bountyelite2019,pre,,
903132-1100,aerogarden,bountyelite2019 pre,bountyelite2019,pre,,
903133-0100,aerogarden,bounty2019 stb,bounty2019,stb,,
903134-0100,aerogarden,bountyelite2019 ss,bountyelite2019,ss,,
903134-1100,aerogarden,bountyelite2019 ss,bountyelite2019,ss,,
903134-1101,aerogarden,bountyelite2019 ss uk,bountyelite2019,ss,uk,
903135-0100,aerogarden,bountyelite2019 ppl,bountyelite2019,ppl,,
903135-1100,aerogarden,bountyelite2019 ppl,bountyelite2019,ppl,,
903136-0100,aerogarden,bountyeliteartisan pbg,bountyeliteartisan,pbg,,
903137-0100,aerogarden,bountyeliteartisan awh,bountyeliteartisan,awh,,
903200-0100,fggardens,extra blk no,extra,blk,no,
903200-0200,fggardens,extra blk no,extra,blk,no,
903200-1100,fggardens,extra blk gh,extra,blk,gh,
903200-1200,fggardens,extra blk gh,extra,blk,gh,
903200-2100,fggardens,extra blk gh sg,extra,blk,gh,sg
903200-2200,fggardens,extra blk gh ct,extra,blk,gh,ct
903300-0100,fggardens,extraled blk no,extraled,blk,no,
903300-0200,fggardens,extraled blk no,extraled,blk,no,
903300-1100,fggardens,extraled blk gh,extraled,blk,gh,
903300-1200,fggardens,extraled blk gh,extraled,blk,gh,
903300-2200,fggardens,extraled blk gh,extraled,blk,gh,
9105-00Z,accessory,herbnserve,herbnserve,,,
9116-00Z,accessory,pumpfilter 10pk,pumpfilter,10pk,,
9255-00Z,accessory,growbulbs 2pk 3uround,growbulbs,2pk,3uround,
9301-00T,component,bowl stainless,bowl,stainless,,
9301-00W,component,bowl white,bowl,white,,
9306-00L,component,base silver 7p,base,silver,7p,
9307-00B,component,post black 7p,post,black,7p,
9307-00L,component,post silver 7p,post,silver,7p,
9307-00W,component,post white 7p,post,white,7p,
9308-00B,component,hood black 7p,hood,black,7p,
9308-00T,component,hood stainless pro100,hood,stainless,pro100,
9308-00W,component,hood white 7p,hood,white,7p,
9401-00Z,fgseedki,esn,esn,,,
9419-00Z,accessory,gstrefillkit retail,gstrefillkit,retail,,
970010-0100,accessory,spacerplugs 6spacers,spacerplugs,6spacers,,
970020-0000,accessory,plantspacers 18pk,plantspacers,18pk,,
970021-0100,accessory,plantspacers 25pk,plantspacers,25pk,,
970116-0100,accessory,bethebee,bethebee,,,
970120-0100,accessory,bulbadapter,bulbadapter,,,
970133-0100,accessory,aerovoirwithstand,aerovoirwithstand,,,
970136-0000,accessory,mezzalunaherbchopper,mezzalunaherbchopper,,,
970138-0100,accessory,mezzalunawith,mezzalunawith,,,
970139-0100,accessory,farm trellissystem,farm,trellissystem,,
970140-0100,accessory,farmstackingkit blk,farmstackingkit,blk,,
970141-0100,accessory,farmstackingkit wht,farmstackingkit,wht,,
970145-0100,accessory,bounty2019trellissystem,bounty2019trellissystem,,,
970146-0100,accessory,bamboowallstand,bamboowallstand,,,
970147-0100,accessory,bamboodestandwithdrawer,bamboodestandwithdrawer,,,
970150-0200,accessory,herbkeeper 4cb,herbkeeper,4cb,,
970151-0200,accessory,herbnsave 4cb,herbnsave,4cb,,
970151-0208,accessory,herbnsave 4cb ca,herbnsave,4cb,ca,
970155-0500,accessory,trellissystem black,trellissystem,black,,
970156-0500,accessory,coils black 4pk,coils,black,4pk,
970175-0000,accessory,softtiesforplants 25',softtiesforplants,25',,
970176-0000,accessory,easyupplantsupports,easyupplantsupports,,,
970180-0000,accessory,wateringcan oxo blue,wateringcan,oxo,blue,
970206-0300,accessory,herbshears green,herbshears,green,,
970251-0300,accessory,cuttingboard wooden,cuttingboard,wooden,,
970273-0000,accessory,bulkbaetsuni,bulkbaetsuni,,,
970274-0000,accessory,bulkseedplabels,bulkseedplabels,,,
970276-0000,accessory,bulkdomes,bulkdomes,,,
970279-0000,accessory,powergrowlightbooster,powergrowlightbooster,,,
970281-0000,accessory,supergrownutrientsl,supergrownutrientsl,,,
970282-0000,accessory,easyfeeddispensers3pk,easyfeeddispensers3pk,,,
970283-0000,accessory,activeeyebugloupe30x,activeeyebugloupe30x,,,
970284-0000,accessory,aquapro,aquapro,,,
970286-0000,accessory,pheptester,pheptester,,,
970287-0000,accessory,ghphdown,ghphdown,,,
970288-0000,accessory,ghphup,ghphup,,,
970293-0000,accessory,peat bulk 50pk,peat,bulk,50pk,
970297-0000,accessory,easystartgrowlightsystem,easystartgrowlightsystem,,,
970298-0000,accessory,oxygenboosterkit,oxygenboosterkit,,,
970305-0100,accessory,growbowl,growbowl,,,
970307-0100,accessory,grobwlstrarrys,grobwlstrarrys,,,
970308-0000,accessory,growmediaforewith,growmediaforewith,,,
970309-0100,accessory,groowlandgrowmedia,groowlandgrowmedia,,,
970310-0100,accessory,spout,spout,,,
970311-0100,accessory,wateringcanwithspout,wateringcanwithspout,,,
970316-0100,accessory,growbowlv2,growbowlv2,,,
970317-0100,accessory,grobwlv2strarrys,grobwlv2strarrys,,,
970318-0100,accessory,growbowlv2growmedia,growbowlv2growmedia,,,
970320-0000,accessory,siphonpump,siphonpump,,,
970330-0000,accessory,bulkseedplabels roll,bulkseedplabels,roll,,
970404-0000,raw,book mstrchef spiral,book,mstrchef,spiral,
970450-0000,accessory,book 50ways,book,50ways,,
970501-18PK,accessory,groable18pkassorted,groable18pkassorted,,,
970501-4355,accessory,groablebasilseedp,groablebasilseedp,,,
970501-4358,accessory,groblecherrytomatoseedp,groblecherrytomatoseedp,,,
970501-4359,accessory,groablecilantroseedp,groablecilantroseedp,,,
970501-4391,accessory,groableglobetomatoseedp,groableglobetomatoseedp,,,
970501-4398,accessory,groablecucumberseedp,groablecucumberseedp,,,
970501-4399,accessory,groablesweetpepperseedp,groablesweetpepperseedp,,,
970904-0200,accessory,growbulbs 1pk b,growbulbs,1pk,b,
970904-0300,raw,growbulbs 1pk b,growbulbs,1pk,b,
970905-0100,accessory,growbulbs 1pk,growbulbs,1pk,,
970914-0200,accessory,growbulbs 2pk b,growbulbs,2pk,b,
970914-0208,accessory,growbulbs 2pk b,growbulbs,2pk,b,
970914-0300,accessory,growbulbs 2pk b,growbulbs,2pk,b,
970914-3208,accessory,growbulbs 6pk b,growbulbs,6pk,b,
970924-0208,accessory,growbulbs 3pk,growbulbs,3pk,,
970934-0100,accessory,maxgrowlight triplepk,maxgrowlight,triplepk,,
970940-0100,accessory,12wattledgrowlight,12wattledgrowlight,,,
970940-2100,accessory,12wattledgrowlight2pk,12wattledgrowlight2pk,,,
970940-4100,accessory,12wattledgrowlight4pk,12wattledgrowlight4pk,,,
970941-0100,accessory,20wattledgrowlight,20wattledgrowlight,,,
970941-0200,accessory,20wattledgrowlight,20wattledgrowlight,,,
970941-2100,accessory,20wattledgrowlight2pk,20wattledgrowlight2pk,,,
970941-4100,accessory,20wattledgrowlight4pk,20wattledgrowlight4pk,,,
970945-0100,accessory,45wattledgrowpanel+stand,45wattledgrowpanel+stand,,,
970945-0200,accessory,45wattledgrowpanel+stand,45wattledgrowpanel+stand,,,
970946-0200,accessory,45wattledgrowpanel+stand,45wattledgrowpanel+stand,,,
970946-4208,accessory,45wattledgrowpanel+stand,45wattledgrowpanel+stand,,,
971005-0000,raw,float 7ponly,float,7ponly,,
971054-0000,accessory,airstone 5pk,airstone,5pk,,
971100-0105,accessory,pump 7p uk bb,pump,7p,uk,bb
971110-0000,component,farmplmetalframe le b,farmplmetalframe,le,b,
971111-0000,component,farmplmetalframe ri b,farmplmetalframe,ri,b,
971114-0000,component,farmmetalframe left blk,farmmetalframe,left,blk,
971115-0000,component,farmmetalframe right blk,farmmetalframe,right,blk,
971118-0000,component,farmpltop black,farmpltop,black,,
971119-0000,component,farmpltop white,farmpltop,white,,
971120-0000,component,farmtop black,farmtop,black,,
971122-0000,component,farmfarmplbowl blk,farmfarmplbowl,blk,,
971123-0000,component,farmfarmplbowl wht,farmfarmplbowl,wht,,
971126-0000,component,farmfarmplled blk,farmfarmplled,blk,,
971127-0000,component,farmfarmplled wht,farmfarmplled,wht,,
971128-0000,component,farmfarmplctrlbox blk,farmfarmplctrlbox,blk,,
971131-0000,component,farmfarmplctrlbox wht,farmfarmplctrlbox,wht,,
971132-0000,raw,farm ledpowercord blk,farm,ledpowercord,blk,
971134-0000,raw,farmpl ledpowercord blk,farmpl,ledpowercord,blk,
971139-0000,raw,farmxlmetalframe ri b,farmxlmetalframe,ri,b,
971150-0100,accessory,pump ceramic 7p,pump,ceramic,7p,
971151-0100,accessory,pump ultra extra bounty harves,pump,ultra,extra,bounty
972100-0100,component,post black,post,black,,
972125-0100,component,cord black,cord,black,,
972225-0100,component,cord white,cord,white,,
972300-0100,component,post silver,post,silver,,
972350-0100,component,hood silver,hood,silver,,
973100-0100,component,post black 3,post,black,3,
973150-0100,component,hood black 3,hood,black,3,
973176-0100,component,base black 3,base,black,3,
973186-0100,component,bowl black 3,bowl,black,3,
973200-0100,raw,post white 3,post,white,3,
973250-0100,component,hood white 3,hood,white,3,
973276-0100,component,base white 3,base,white,3,
973286-0100,component,bowl white 3,bowl,white,3,
973350-0100,component,hood silver 3,hood,silver,3,
973385-0100,component,bowl silver 3,bowl,silver,3,
973485-0100,component,bowl stl 3elite,bowl,stl,3elite,
973586-0100,component,bowl red 3,bowl,red,3,
973650-0100,component,hood ladybug 3,hood,ladybug,3,
973686-0100,component,bowl ladybug 3,bowl,ladybug,3,
974100-0100,component,post black ss6 ss6ps,post,black,ss6,ss6ps
974155-0100,component,hood black ss6ps,hood,black,ss6ps,
974180-0100,component,bowl black ss6ps,bowl,black,ss6ps,
974195-0100,component,base black ss6ps,base,black,ss6ps,
974200-0100,component,post white ss6 ss6ps,post,white,ss6,ss6ps
974255-0100,component,hood white ss6ps,hood,white,ss6ps,
974280-0100,component,bowl white ss6ps,bowl,white,ss6ps,
974300-0100,component,post silver ss6 ss6ps,post,silver,ss6,ss6ps
974355-0100,component,hood silver ss6ps,hood,silver,ss6ps,
974380-0100,component,bowl silver ss6ps,bowl,silver,ss6ps,
974455-0100,component,hood stainless ss6elite,hood,stainless,ss6elite,
974485-0100,component,bowl ss ss6elite,bowl,ss,ss6elite,
976100-0100,component,post black 7,post,black,7,
976150-0100,component,hood black 7,hood,black,7,
976175-0100,component,base black 7mdl100610,base,black,7mdl100610,
976185-0100,component,bowl black 6,bowl,black,6,
976186-0100,component,bowl black 7,bowl,black,7,
976200-0100,component,post white 6,post,white,6,
976250-0100,component,hood white 6,hood,white,6,
976275-0100,component,base white 6,base,white,6,
976285-0100,component,bowl white 6,bowl,white,6,
976286-0100,component,bowl white 7,bowl,white,7,
976300-0100,component,post silver 6,post,silver,6,
976350-0100,component,hood silver 6,hood,silver,6,
976375-0100,component,base silver 6,base,silver,6,
976385-0100,component,bowl silver 6,bowl,silver,6,
976386-0100,component,bowl silve 7,bowl,silve,7,
976405-0100,component,post elite6+veggiepr,post,elite6+veggiepr,,
976450-0100,component,hood stl elite6,hood,stl,elite6,
976485-0100,component,bowl stl elite6,bowl,stl,elite6,
976492-0100,component,hood veggiepro,hood,veggiepro,,
976500-0100,component,harvestblkbasehood,harvestblkbasehood,,,
976501-0100,component,harvestwhtbasehood,harvestwhtbasehood,,,
976504-0100,component,harvestelitetchrdbasehood,harvestelitetchrdbasehood,,,
976506-0100,component,harvest2016blkbasehood,harvest2016blkbasehood,,,
976510-0100,component,harvestwifiblkbowl,harvestwifiblkbowl,,,
976511-0100,component,harvestwhtbowl,harvestwhtbowl,,,
976512-0100,component,harvestelitetouchbowl,harvestelitetouchbowl,,,
976513-0100,component,harvestelitetouchredbowl,harvestelitetouchredbowl,,,
976515-0100,raw,harvestredbowl,harvestredbowl,,,
976518-0100,component,harvesteliteplatinumbowl,harvesteliteplatinumbowl,,,
976522-0100,component,harvestplgreybasehood,harvestplgreybasehood,,,
976523-0100,component,harvestplredbasehood,harvestplredbasehood,,,
976526-0100,component,harvestelitepltbasehood,harvestelitepltbasehood,,,
976532-0100,component,harvestgrowdeckwhite,harvestgrowdeckwhite,,,
976534-0100,component,harvestplgreybowl,harvestplgreybowl,,,
976535-0100,component,harvestplredbowl,harvestplredbowl,,,
976544-0100,component,harvestpltpremiumbasehood,harvestpltpremiumbasehood,,,
976548-0100,raw,harvestwifiblackbasehood,harvestwifiblackbasehood,,,
976551-0100,component,basehood wht 3sl100303wht,basehood,wht,3sl100303wht,
976554-0100,component,basehood blk sprout100303blk,basehood,blk,sprout100303blk,
976555-0100,component,basehood wht sprout100303wht,basehood,wht,sprout100303wht,
976560-0100,component,basehood blk sproutpl,basehood,blk,sproutpl,
976561-0100,raw,basehood wht sproutpl,basehood,wht,sproutpl,
976565-0100,component,harvestblkpremiumbowl,harvestblkpremiumbowl,,,
976566-0100,component,harvestpltpremiumbowl,harvestpltpremiumbowl,,,
976567-0100,component,harvestredpremiumbowl,harvestredpremiumbowl,,,
976575-0100,component,bowl blk 3sl100303blk,bowl,blk,3sl100303blk,
976576-0100,component,bowl wht 3sl100303wht,bowl,wht,3sl100303wht,
976577-0100,component,bowl red sprout100303red,bowl,red,sprout100303red,
976579-0100,component,bowl blk sproutsproutpl,bowl,blk,sproutsproutpl,
976580-0100,component,bowl wht sproutsproutpl,bowl,wht,sproutsproutpl,
976581-0100,component,bowl red sproutled,bowl,red,sproutled,
976586-0100,component,portcover wht 3sl100303wht,portcover,wht,3sl100303wht,
976600-0100,component,post aluminum 7mdl2014,post,aluminum,7mdl2014,
976602-0100,component,harvesttouchblkbasehood,harvesttouchblkbasehood,,,
976610-0100,component,harvesttoucheggbowl,harvesttoucheggbowl,,,
976612-0100,component,harvesttouchblkbowl,harvesttouchblkbowl,,,
976615-0100,component,harvesttouchwhtbowl,harvesttouchwhtbowl,,,
976625-0100,raw,harvestelitewifiredbowl,harvestelitewifiredbowl,,,
976650-0100,component,cflhood black 7,cflhood,black,7,
976675-0100,component,base black 7mdl2014,base,black,7mdl2014,
976685-0100,component,bowl black 7mdl2014,bowl,black,7mdl2014,
976686-0100,component,growdeck blk 7mdl2014,growdeck,blk,7mdl2014,
976700-0100,component,post66ledmdl2014,post66ledmdl2014,,,
976710-0100,component,hood 6led blackhood,hood,6led,blackhood,
976750-0100,component,hood black 6ss6mdl2014,hood,black,6ss6mdl2014,
976775-0100,component,base 66led2014mdl,base,66led2014mdl,,
976785-0100,component,bowl 66ledmdl2014,bowl,66ledmdl2014,,
976786-0100,component,growdeck 66ledmdl2014,growdeck,66ledmdl2014,,
976810-0000,component,hood black ultraextra,hood,black,ultraextra,
976811-0000,component,hood black ultraled30w,hood,black,ultraled30w,
976812-0000,component,hood black 7led,hood,black,7led,
976813-0000,component,hood black extraled30w,hood,black,extraled30w,
976814-0000,raw,ap30wledhood,ap30wledhood,,,
976816-0000,raw,ap30wledhoodv3,ap30wledhoodv3,,,
976820-0000,component,trellis ultra extra bounty,trellis,ultra,extra,bounty
976830-0000,component,bowl blk ultraextra,bowl,blk,ultraextra,
976831-0100,component,bowl blk bounty,bowl,blk,bounty,
976840-0000,component,base black ultra,base,black,ultra,
976841-0000,component,base black extra555,base,black,extra555,
976842-0000,component,base black extra2238,base,black,extra2238,
976843-0000,component,base black extra29999,base,black,extra29999,
976850-0000,component,post black ultra extra bounty,post,black,ultra,extra
976860-0000,accessory,ultraupgradekit,ultraupgradekit,,,
976900-0100,component,bountyhood,bountyhood,,,
976901-0100,component,bountyelitesshood,bountyelitesshood,,,
976902-0100,component,bountyeliteredhood,bountyeliteredhood,,,
976903-0100,component,bountyeliteplthood,bountyeliteplthood,,,
976910-0100,component,bountybountyelitegrowdeck,bountybountyelitegrowdeck,,,
976911-0100,component,bountyelitessbowl,bountyelitessbowl,,,
976912-0100,component,bountyeliteredbowl,bountyeliteredbowl,,,
976913-0100,component,bountyelitepltbowl,bountyelitepltbowl,,,
976920-0100,component,bountybountyelitebase,bountybountyelitebase,,,
976921-0100,component,bountyeliteredbase,bountyeliteredbase,,,
976922-0100,component,bountyelitepltbase,bountyelitepltbase,,,
976923-0100,component,bountywifibase,bountywifibase,,,
976924-0100,component,bountyelitewifibase,bountyelitewifibase,,,
976925-0100,component,bountyeliteredwifibase,bountyeliteredwifibase,,,
976926-0100,component,bountyelitepltwifibase,bountyelitepltwifibase,,,
976927-0000,raw,harvest2018model poweradapter,harvest2018model,poweradapter,,
976950-0100,component,hood white 7mdl2014,hood,white,7mdl2014,
